cut,mean,std,count
Fair,4341.954317897372,3540.1181375899655,1598
Good,3919.1210386424045,3671.0709297752214,4891
Ideal,3462.7499534623976,3810.926394322424,21488
Premium,4583.501891184173,4348.052679510775,13748
Very Good,3981.016157096694,3934.8131753885596,12069
