column,skew,mean,median,nulls_before
y,2.4457680214087554,5.734653307060266,5.71,0
price,1.618239898265432,3933.065081607614,2401.0,0
