model,auc
full,0.9984661945971759
reduced,0.9917955665645972
