metric,value
mean,0.0002415978640739087
ci_low,6.41653280186838e-05
ci_high,0.0005032224484420836
